Product Url,Product Name,Product Price,Product Rating,Product Reviews
https://www.amazon.in/sspa/click?ie=UTF8&spc=MToxOTYwNjI2NjczMjkyMjE4OjE2OTI2MzYwNzk6c3BfYXRmX25leHQ6MzAwMDEyMzM5NDMyODMyOjowOjo&url=%2FHOEXL-Expandable-Laptop-Backpack-Water-resistant%2Fdp%2FB0C3J2RLHP%2Fref%3Dsr_1_17_sspa%3Fcrid%3D2M096C61O4MLT%26keywords%3Dbags%26qid%3D1692636079%26sprefix%3Dba%252Caps%252C283%26sr%3D8-17-spons%26sp_csd%3Dd2lkZ2V0TmFtZT1zcF9hdGZfbmV4dA%26psc%3D1,"HOEXL
 42L Expandable Laptop Backpack - Premium Laptop Backpacks for Men, 
Women for Travel, School, College - Tech Bag with USB - Bagpacker Bag 
for Men, 17 inch Laptop Bags for Multipurpose with Water-resistant, 
Smart Bag with Multiple Compartments","2,699",5.0,
https://www.amazon.in/sspa/click?ie=UTF8&spc=MToxOTYwNjI2NjczMjkyMjE4OjE2OTI2MzYwNzk6c3BfYXRmX25leHQ6MjAxNTM5NjI0MjE0OTg6OjA6Og&url=%2FFUR-JADEN-Anti-Theft-Backpack-Professionals%2Fdp%2FB0C28QQMFJ%2Fref%3Dsr_1_18_sspa%3Fcrid%3D2M096C61O4MLT%26keywords%3Dbags%26qid%3D1692636079%26sprefix%3Dba%252Caps%252C283%26sr%3D8-18-spons%26sp_csd%3Dd2lkZ2V0TmFtZT1zcF9hdGZfbmV4dA%26psc%3D1,"FUR
 JADEN Pro Series Smart Tech Anti-Theft Laptop Backpack With USB-A and 
USB-C Type Charging Port for Men & Women For Business Professionals 
& College Students","3,499",4.6,
https://www.amazon.in/ADISA-Laptop-Backpack-Office-College/dp/B09TPX22NF/ref=sr_1_19?crid=2M096C61O4MLT&keywords=bags&qid=1692636079&sprefix=ba%2Caps%2C283&sr=8-19,ADISA 15.6 inch laptop backpack office bag college travel back pack 32 Ltrs,499,3.9,
https://www.amazon.in/Arctic-Fox-Liters-String-Backpack/dp/B08L6Q9V1H/ref=sr_1_20?crid=2M096C61O4MLT&keywords=bags&qid=1692636079&sprefix=ba%2Caps%2C283&sr=8-20,Arctic Fox 15 Liters Draw String Bag Lavender Backpack,209,4.2,
https://www.amazon.in/Gear-Black-Laptop-Backpack-LBPASPIRE0104/dp/B075MK4TXP/ref=sr_1_21?crid=2M096C61O4MLT&keywords=bags&qid=1692636079&sprefix=ba%2Caps%2C283&sr=8-21,Gear Aspire 30L Water Restant Office Laptop Bag/Backpack for Men/Women/(Black),"1,115",4.4,
https://www.amazon.in/Backpack-Small-Black-Water-Repellant/dp/B088XB5XY8/ref=sr_1_22?crid=2M096C61O4MLT&keywords=bags&qid=1692636079&sprefix=ba%2Caps%2C283&sr=8-22,"Mi Step Out 12 L Mini Backpack (Small Size, Black, Water Repellant)",398,4.1,
https://www.amazon.in/American-Tourister-BACKPACK-COMPARTMENT-ORGANIZER/dp/B0BTD4FK9G/ref=sr_1_23?crid=2M096C61O4MLT&keywords=bags&qid=1692636079&sprefix=ba%2Caps%2C283&sr=8-23,"American Tourister VALEX BLUE LAPTOP BACKPACK 28 Ltrs,Volume, LAPTOP COMPARTMENT, BOTTLE POCKET, FRONT ORGANIZER","1,399",4.2,
https://www.amazon.in/Number-Backpack-Compartment-Charging-Organizer/dp/B09VTCNN75/ref=sr_1_24?crid=2M096C61O4MLT&keywords=bags&qid=1692636079&sprefix=ba%2Caps%2C283&sr=8-24,"FUR
 JADEN Anti Theft Number Lock Backpack Bag with 15.6 Inch Laptop 
Compartment, USB Charging Port & Organizer Pocket for Men Women Boys
 Girls",679,4.0,
https://www.amazon.in/American-Tourister-BACKPACK-COMPARTMENT-ORGANIZER/dp/B0BTD4S4XF/ref=sr_1_25?crid=2M096C61O4MLT&keywords=bags&qid=1692636079&sprefix=ba%2Caps%2C283&sr=8-25,"American Tourister VALEX BLACK LAPTOP BACKPACK 28 Ltrs,Volume, LAPTOP COMPARTMENT, BOTTLE POCKET, FRONT ORGANIZER","1,399",4.3,
https://www.amazon.in/LOOKMUSTER-Waterproof-Backpack-College-Business/dp/B0BZW8KW18/ref=sr_1_26?crid=2M096C61O4MLT&keywords=bags&qid=1692636079&sprefix=ba%2Caps%2C283&sr=8-26,"LOOKMUSTER
 (15.6 inch 30 L Casual Waterproof Laptop Backpack/Office Bag/School 
Bag/College Bag/Business Bag/Unisex Travel Backpack",439,3.8,
https://www.amazon.in/sspa/click?ie=UTF8&spc=MToxOTYwNjI2NjczMjkyMjE4OjE2OTI2MzYwNzk6c3BfbXRmOjIwMTI3NjgzODcyMzk4OjowOjo&url=%2FUPPERCASE-Professional-Backpack-resistant-sustainable%2Fdp%2FB0BXFDK5J2%2Fref%3Dsr_1_27_sspa%3Fcrid%3D2M096C61O4MLT%26keywords%3Dbags%26qid%3D1692636079%26sprefix%3Dba%252Caps%252C283%26sr%3D8-27-spons%26sp_csd%3Dd2lkZ2V0TmFtZT1zcF9tdGY%26psc%3D1,"uppercase
 26 Ltrs Ryder Professional Laptop Backpack (15.6 Inch) 3x more water 
resistant sustainable bags with rain proof zippers for Men, Women, Boys 
and Girls, 750 Days warranty","2,400",4.3,
https://www.amazon.in/sspa/click?ie=UTF8&spc=MToxOTYwNjI2NjczMjkyMjE4OjE2OTI2MzYwNzk6c3BfbXRmOjIwMTQ1OTk1NzYyMTk4OjowOjo&url=%2FHalf-Moon-Curiosity-Backpack-Resistant%2Fdp%2FB09S3ZK3N1%2Fref%3Dsr_1_28_sspa%3Fcrid%3D2M096C61O4MLT%26keywords%3Dbags%26qid%3D1692636079%26sprefix%3Dba%252Caps%252C283%26sr%3D8-28-spons%26sp_csd%3Dd2lkZ2V0TmFtZT1zcF9tdGY%26psc%3D1,"Half
 Moon Curiosity 35L Water Resistant 15.6"" Laptop Bag for Men/Backpack 
for Men, Black | Office Bag for Men/Office Bag for Women with Padded 
Laptop Compartment | Rain Cover & Slim Durable Backpack",849,3.8,
https://www.amazon.in/Fur-Jaden-Black-Waterproof-Backpack/dp/B078GLXMDY/ref=sr_1_29?crid=2M096C61O4MLT&keywords=bags&qid=1692636079&sprefix=ba%2Caps%2C283&sr=8-29,FUR JADEN Anti Theft Backpack 15.6 Inch Laptop Bag with USB Charging Port For Men Women Boys Girls,839,4.0,
https://www.amazon.in/TRUE-Emperor-Anti-Theft-backpack-charging/dp/B0BYB631NR/ref=sr_1_30?crid=2M096C61O4MLT&keywords=bags&qid=1692636079&sprefix=ba%2Caps%2C283&sr=8-30,"TRUE HUMAN® Emperor Anti-Theft Pocket backpack With USB charging Port Laptop,office,college,travel bag for men and women(Epower)",599,3.7,
https://www.amazon.in/ZIPLINE-Polyester-Backpack-Children-Daypack/dp/B07XVMR33Q/ref=sr_1_31?crid=2M096C61O4MLT&keywords=bags&qid=1692636079&sprefix=ba%2Caps%2C283&sr=8-31,"Zipline
 Unisex casual polyester 36 L Backpack School Bag Women Men Boys Girls 
children Daypack College Bag Book School Sports Bag Weekend Bag",843,4.0,
https://www.amazon.in/WILDHORN-Backpack-Compartment-Business-Stitching/dp/B09QL81ZHB/ref=sr_1_32?crid=2M096C61O4MLT&keywords=bags&qid=1692636079&sprefix=ba%2Caps%2C283&sr=8-32,"WILDHORN 31L Laptop Backpack for Men/Women I Fits upto 15.6"" Laptop I Waterproof I Travel/Business/College Bookbags",599,4.0,
https://www.amazon.in/SAFARI-Ltrs-Casual-Backpack-DAYPACKNEO15CBSEB/dp/B07Q7CNPMV/ref=sr_1_33?crid=2M096C61O4MLT&keywords=bags&qid=1692636079&sprefix=ba%2Caps%2C283&sr=8-33,Safari Compact Size 15 Ltrs Casual Backpack For Unisex Adult - Sea Blue,329,4.0,
https://www.amazon.in/Nivia-5183-Polyester-Duffle-Medium/dp/B071KNXQ7Y/ref=sr_1_34?crid=2M096C61O4MLT&keywords=bags&qid=1692636079&sprefix=ba%2Caps%2C283&sr=8-34,"NIVIA
 Beast Gym Bag-4 Polyester/Unisex Gym Bags/Shoulder Bag for Men & 
Women with Separate Shoes Compartment/Carry Gym Accessories/Fitness 
Bag/Sports & Travel Bag/Sports Kit",499,4.2,
https://www.amazon.in/Lunars-V-Line-Resistant-Bagpack-College/dp/B08BP5CYDV/ref=sr_1_35?crid=2M096C61O4MLT&keywords=bags&qid=1692636079&sprefix=ba%2Caps%2C283&sr=8-35,"Lunar's
 V-Line Backpack for Men, Blue | 35L Water Resistant School Bags for 
Boys | Stylish, & Durable | College Bags for Men/College Bag for 
Girls | 1 Yr Warranty",735,4.1,
https://www.amazon.in/Zipline-Nexa-Resistant-Bagpack-Backpack/dp/B08WQ668WJ/ref=sr_1_36?crid=2M096C61O4MLT&keywords=bags&qid=1692636079&sprefix=ba%2Caps%2C283&sr=8-36,"Zipline
 Unisex Casual Polyester 36 L Backpack School Bag Women Men Boys Girls 
Children Daypack College Bag Book School Sports Bag",843,3.6,
https://www.amazon.in/sspa/click?ie=UTF8&spc=MToxOTYwNjI2NjczMjkyMjE4OjE2OTI2MzYwNzk6c3BfYnRmOjIwMTI1ODk5OTIwNjk4OjowOjo&url=%2FUppercase-Professional-Backpack-Resistant-Sustainable%2Fdp%2FB0BWNBQXDZ%2Fref%3Dsr_1_37_sspa%3Fcrid%3D2M096C61O4MLT%26keywords%3Dbags%26qid%3D1692636079%26sprefix%3Dba%252Caps%252C283%26sr%3D8-37-spons%26sp_csd%3Dd2lkZ2V0TmFtZT1zcF9idGY%26psc%3D1,"uppercase
 Apex Professional Laptop Backpack (15.6 Inch) 3x more water resistant 
sustainable bags with rain proof zippers for Men, Women, Boys and Girls,
 750 Days warranty","1,800",4.4,
https://www.amazon.in/sspa/click?ie=UTF8&spc=MToxOTYwNjI2NjczMjkyMjE4OjE2OTI2MzYwNzk6c3BfYnRmOjIwMTY2ODA2ODMyODk4OjowOjo&url=%2FVeneer-Synthetic-Shoulder-Business-Backpack%2Fdp%2FB0C594SZQ7%2Fref%3Dsr_1_38_sspa%3Fcrid%3D2M096C61O4MLT%26keywords%3Dbags%26qid%3D1692636079%26sprefix%3Dba%252Caps%252C283%26sr%3D8-38-spons%26sp_csd%3Dd2lkZ2V0TmFtZT1zcF9idGY%26psc%3D1,Veneer Synthetic Leather 30 Litre Casual 15.6 Inch Laptop Shoulder Business Travel Backpack for Unisex,"1,774",,
https://aax-eu.amazon.in/x/c/RAFX70M1e8qG-aP4a9YhmcwAAAGKGPjnJwMAAAH2AQBvbm9fdHhuX2JpZDIgICBvbm9fdHhuX2ltcDEgICD_YMQ1/https://www.amazon.in/VISMIINTREND-Fashion-Stylish-Leather-Backpack/dp/B0BN5Q96R7/ref=sxbs_sbv_search_btf?content-id=amzn1.sym.880c6186-3832-495e-9caa-7ecfb2f5e88c%3Aamzn1.sym.880c6186-3832-495e-9caa-7ecfb2f5e88c&crid=2M096C61O4MLT&cv_ct_cx=bags&keywords=bags&pd_rd_i=B0BN5Q96R7&pd_rd_r=b6bc7bb0-f781-408b-8e49-47a9993e2df8&pd_rd_w=ps4yM&pd_rd_wg=yHP59&pf_rd_p=880c6186-3832-495e-9caa-7ecfb2f5e88c&pf_rd_r=JC7Z1XM2TT36APRQ7S77&qid=1692636079&sbo=EO%2BcdOgoisx3waG5xqcZQA%3D%3D&sprefix=ba%2Caps%2C283&sr=1-17-06195d41-65bd-48f4-8e70-03d97b6094ec,"VISMIINTREND
 Fashion Leather Backpack Handbags Purse Bags with Shoulder Belt for 
Women and Girls | Travel | Back | College | Work | Gift | 13.5 Inch 
Laptop Bag | Rakhi Gifts for Sisters | Wife","1,335",4.3,
